No	Simplified	Traditional	Pinyin	English
1	爱心	愛心	àixīn	love
2	安排	安排	ānpái	arrange
3	安装	安裝	ānzhuāng	install
4	按	按	àn	press; push; check; restrain
5	按照	按照	ànzhào	according to
6	把（介）	把（介）	bǎ	(particle marking the following noun as a direct object)
7	把（量）	把（量）	bǎ	(measure word)
8	把握	把握	bǎwò	grasp
9	白（副）	白（副）	bái	without results; in vain; waste efforts
10	白菜	白菜	bái cài	Chinese cabbage
11	班级	班級	bān jí	class
12	搬	搬	bān	turn; move
13	搬家	搬家	bān jiā	move; move house
14	板	板	bǎn	board; plank; shutter
15	办理	辦理	bànlǐ	handle
16	保	保	bǎo	defend; protect; keep; guarantee; ensure
17	保安	保安	bǎo ān	security guard; public security; ensure safety
18	保持	保持	bǎochí	keep
19	保存	保存	bǎocún	Preservation
20	保护	保護	bǎohù	protect
21	保留	保留	bǎoliú	Retain
22	保险	保險	bǎoxiǎn	Insurance
23	保证	保證	bǎozhèng	ensure
24	报（名）	報（名）	bào	newspaper; periodical; journal; report; telegram
25	报到	報到	bàodào	register,check in
26	报道	報道	bàodào	report
27	报告	報告	bàogào	Presentation
28	背	背	bèi	Back
29	北部	北部	běi bù	north
30	背（名）	背（名）	bèi	back of the body; back side of an object
31	背后	背後	bèi hòu	behind; at the back; in the rear
32	被	被	bèi	cover
33	被子	被子	bèizi	quilt
34	本来	本來	běnlái	originally
35	本领	本領	běnlǐng	ability
36	本事	本事	běnshi	Skill
37	比较	比較	bǐjiào	compare
38	比例	比例	bǐlì	Proportion
39	比赛	比賽	bǐsài	Match
40	必然	必然	bìrán	Inevitable
41	必要	必要	bìyào	necessary
42	变化	變化	biànhuà	change
43	变为	變為	biàn wéi	become; turn into; change into
44	标题	標題	biāotí	title; heading
45	标准	標準	biāozhǔn	standard
46	表达	表達	biǎodá	Expression
47	表格	表格	biǎogé	form
48	表面	表面	biǎomiàn	surface
49	表明	表明	biǎomíng	Indicate
50	表现	表現	biǎoxiàn	performance
51	表演	表演	biǎoyǎn	perform
52	并（副、连）	並（副、連）	bìng	and; also; equally; simultaneously; side by side
53	并且	並且	bìngqiě	also
54	播出	播出	bō chū	broadcast; on the air
55	播放	播放	bōfàng	play
56	不必	不必	bú bì	need not; not have to
57	不断	不斷	búduàn	Constantly
58	不论	不論	bú lùn	whether; no matter; whether … or
59	补	補	bǔ	repair; mend; patch; supply; make up for
60	补充	補充	bǔchōng	supplement
61	不安	不安	bù’ān	Uneasy
62	不得不	不得不	bùdébù	Cannot but
63	不光	不光	bù guāng	not only
64	不仅	不僅	bùjǐn	not only
65	布	布	bù	cloth
66	步	步	bù	step; stage; walk; foot
67	部	部	bù	unit; ministry; department;  part; section
68	部门	部門	bùmén	department
69	部长	部長	bù zhǎng	minister; head of a department
70	才能	才能	cái néng	talent; ability; gift
71	采取	採取	cǎiqǔ	take, adpopt
72	采用	採用	cǎi yòng	put to use; adopt; use; employ
73	彩色	彩色	cǎi sè	multicolour; colour
74	曾经	曾經	céngjīng	once
75	产生	產生	chǎnshēng	produce
76	长城	長城	Chángchéng	The Great Wall
77	长处	長處	cháng chù	strength; forte; strong point
78	长期	長期	cháng qī	over a long period of time; long-term
79	厂	廠	chǎng	factory; mill; plant; works
80	场合	場合	chǎnghé	occasion
81	场所	場所	chǎngsuǒ	place
82	超级	超級	chāojí	super
83	朝	朝	cháo	towards
84	吵	吵	chǎo	Noisy
85	吵架	吵架	chǎojià	quarrel
86	衬衫	襯衫	chènshān	shirt
87	衬衣	襯衣	chèn yī	shirt
88	称为	稱為	chēng wéi	call; be called; be known as
89	成功	成功	chénggōng	Success
90	成果	成果	chéngguǒ	Achievements
91	成就	成就	chéngjiù	achievement
92	成立	成立	chénglì	establish
93	成熟	成熟	chéngshú	mature
94	成员	成員	chéngyuán	member
95	成长	成長	chéngzhǎng	Grow up
96	城	城	chéng	city; town
97	城市	城市	chéngshì	City
98	程度	程度	chéngdù	degree
99	持续	持續	chíxù	Continued
100	充满	充滿	chōngmǎn	full of
101	重	重	zhòng	heavy
102	初	初	chū	beginning; start; basis; at the beginning of
103	初（初一）	初（初一）	chū （chū yī）	prefix (first grade of junior high school )
104	初步	初步	chūbù	preliminary
105	初级	初級	chūjí	primary
106	初中	初中	chū zhōng	junior high school
107	除了	除了	chúle	except
108	处理	處理	chǔlǐ	Handle
109	传	傳	chuán	pass; pass on; hand down; impart; spread; transmit
110	传播	傳播	chuánbō	spread
111	传来	傳來	chuán lái	came; come through
112	传说	傳説	chuánshuō	Legend
113	创新	創新	chuàngxīn	innovate
114	创业	創業	chuàngyè	carve out
115	创造	創造	chuàngzào	create
116	创作	創作	chuàngzuò	A literary creation
117	从来	從來	cónglái	Always
118	从前	從前	cóngqián	before
119	从事	從事	cóngshì	Be engaged in
120	村	村	cūn	village; hamlet
121	存	存	cún	Deposit
122	存在	存在	cúnzài	existence
123	错误	錯誤	cuòwù	error
124	达到	達到	dádào	Achieve
125	打破	打破	dǎ pò	break; smash
126	打听	打聽	dǎting	Inquire
127	大概	大概	dàgài	Probably
128	大使馆	大使館	dàshǐguǎn	Embassy
129	大约	大約	dàyuē	about
130	大夫	大夫	dàifu	Doctor
131	代	代	dài	substitute; replace; take the place of
132	代表	代表	dàibiǎo	representative
133	代表团	代表團	dài biǎo tuán	delegation; mission; deputation
134	带动	帶動	dài dòng	drive; spur
135	带领	帶領	dàilǐng	lead
136	单元	單元	dānyuán	unit
137	当初	當初	dāngchū	Original
138	当地	當地	dāngdì	Local
139	当然	當然	dāngrán	Of course
140	当中	當中	dāng zhōng	among; in the middle; in the centre
141	刀	刀	dāo	knife
142	导演	導演	dǎoyǎn	director
143	到达	到達	dàodá	Arrive
144	到底	到底	dàodǐ	To the end
145	得分	得分	dé fēn	score
146	等待	等待	děngdài	wait for
147	底下	底下	dǐ xià	under; below; beneath
148	地区	地區	dìqū	region
149	电视剧	電視劇	diàn shì jù	TV series; television drama
150	电视台	電視台	diàn shì tái	TV station
151	电台	電台	diàntái	radio station
152	电子邮件	電子郵件	diànzǐyóujiàn	E-mail
153	调	調	diào	transfer; shift; move
154	调查	調查	diàochá	investigation
155	订	訂	dìng	conclude; draw up; order; revise
156	定期	定期	dìngqī	regular
157	东部	東部	dōng bù	east
158	动力	動力	dònglì	power, motivation
159	动人	動人	dòng rén	moving; touching
160	读者	讀者	dú zhě	reader
161	短处	短處	duǎn chù	shortcoming; demerit
162	短裤	短褲	duǎn kù	shorts
163	短期	短期	duǎn qī	short term
164	断	斷	duàn	break
165	队员	隊員	duì yuán	team member
166	对待	對待	duìdài	treat
167	对方	對方	duìfāng	Other party
168	对手	對手	duìshǒu	Opponent
169	对象	對象	duìxiàng	object
170	顿	頓	dùn	Meal
171	发表	發表	fābiǎo	Publish
172	发出	發出	fā chū	issue; send out; give off; emit
173	发达	發達	fādá	developed
174	发动	發動	fādòng	Launch
175	发明	發明	fāmíng	Invention
176	发生	發生	fāshēng	Happen
177	发送	發送	fā sòng	send; transmit; dispatch; ship; forward
178	发言	發言	fāyán	speak
179	发展	發展	fāzhǎn	Development
180	反对	反對	fǎnduì	Opposition
181	反复	反覆	fǎnfù	Repeatedly
182	反应	反應	fǎnyìng	reaction
183	反正	反正	fǎnzhèng	anyway
184	范围	範圍	fànwéi	Range
185	方式	方式	fāngshì	mode
186	防	防	fáng	guard against; defend
187	防止	防止	fángzhǐ	Prevent
188	房东	房東	fángdōng	landlord
189	房屋	房屋	fáng wū	houses; buildings; tenement
190	房租	房租	fáng zū	rent
191	访问	訪問	fǎngwèn	Visit
192	放到	放到	fàng dào	put to; put into
193	飞行	飛行	fēi xíng	flight; flying
194	费	費	fèi	fee; cost
195	费用	費用	fèi yòng	cost; expenses; outlay
196	分别	分別	fēnbié	part
197	分配	分配	fēnpèi	distribution
198	分组	分組	fēn zǔ	grouping
199	丰富	豐富	fēngfù	rich
200	风险	風險	fēngxiǎn	risk
201	否定	否定	fǒudìng	negative
202	否认	否認	fǒurèn	deny
203	服装	服裝	fúzhuāng	costume; dress
204	福	福	fú	blessing; good fortune
205	父母	父母	fù mǔ	father and mother; parents
206	父亲	父親	fùqīn	father
207	付	付	fù	pay; commit; hand over
208	负责	負責	fùzé	Be responsible for
209	复印	複印	fùyìn	To copy
210	复杂	複雜	fùzá	complex
211	富	富	fù	rich
212	改进	改進	gǎijìn	Improvement
213	改造	改造	gǎi zào	transform; reform
214	概念	概念	gàiniàn	concept
215	赶	趕	gǎn	catch up with
216	赶到	趕到	gǎn dào	arrived; get to
217	赶紧	趕緊	gǎnjǐn	Quickly
218	赶快	趕快	gǎnkuài	Come on
219	敢	敢	gǎn	dare
220	感冒	感冒	gǎnmào	Cold
221	感情	感情	gǎnqíng	feeling
222	感受	感受	gǎnshòu	feel
223	干吗	幹嗎	gàn má	Why
224	高速	高速	gāo sù	high speed
225	高速公路	高速公路	gāosùgōnglù	Expressway
226	告别	告別	gàobié	farewell
227	歌迷	歌迷	gē mí	fan
228	歌声	歌聲	gē shēng	singing
229	歌手	歌手	gē shǒu	singer; vocalist
230	个人	個人	gèrén	personal
231	个性	個性	gèxìng	personality
232	各	各	gè	various
233	各地	各地	gè dì	various regions; everywhere
234	各位	各位	gè wèi	everybody
235	各种	各種	gè zhǒng	all kinds; various; every kind
236	各自	各自	gèzì	Each
237	根本	根本	gēnběn	at all
238	更加	更加	gèng jiā	more; even more
239	工厂	工廠	gōngchǎng	factory
240	工程师	工程師	gōngchéngshī	Engineer
241	工夫	工夫	gōng fu	time
242	工具	工具	gōngjù	tool
243	工业	工業	gōngyè	Industry
244	工资	工資	gōngzī	wages
245	公布	公佈	gōngbù	Publish
246	公共	公共	gōng gòng	public; common; community
247	公开	公開	gōngkāi	open
248	公民	公民	gōngmín	citizen
249	公务员	公務員	gōng wù yuán	civil servant; public functionary
250	功夫	功夫	gōngfu	Kungfu
251	功课	功課	gōng kè	homework; schoolwork; classwork
252	功能	功能	gōngnéng	function
253	共同	共同	gòngtóng	common
254	共有	共有	gòng yǒu	have altogether; share; owned by all
255	姑娘	姑娘	gūniang	girl
256	古	古	gǔ	ancient; old
257	古代	古代	gǔdài	Ancient
258	故乡	故鄉	gùxiāng	Hometown
259	挂	掛	guà	hang
260	关系	關係	guānxì	relationship
261	关注	關注	guān zhù	attention; follow with interest; pay close attention; show solicitude for
262	观察	觀察	guānchá	observation
263	观看	觀看	guān kàn	watch; view
264	观念	觀念	guānniàn	concept
265	观众	觀眾	guānzhòng	Audience
266	管	管	guǎn	control; be in charge of; manage; run
267	管理	管理	guǎnlǐ	Administration
268	光	光	guāng	light
269	光明	光明	guāngmíng	light
270	广播	廣播	guǎngbō	Radio broadcast
271	广大	廣大	guǎngdà	Vast
272	规定	規定	guīdìng	Regulations
273	规范	規範	guīfàn	criterion; rule
274	国内	國內	guó nèi	domestic; internal
275	国庆	國慶	guó qìng	National Day
276	果然	果然	guǒrán	Sure enough
277	果汁	果汁	guǒzhī	fruit juice
278	过程	過程	guòchéng	process
279	过去（名）	過去（名）	guò qù	past; old; foretime
280	哈哈	哈哈	hā hā	ha-ha
281	海关	海關	hǎiguān	Customs
282	害怕	害怕	hàipà	Fear
283	行	行	háng	row，line
284	好好	好好	hǎo hǎo	really good, really nice
285	好奇	好奇	hàoqí	Be curious
286	合	合	hé	close; shut; be equal to; add up to; join
287	合法	合法	héfǎ	legitimate
288	合格	合格	hégé	qualified
289	合理	合理	hélǐ	reasonable
290	合作	合作	hézuò	cooperation
291	和平	和平	hépíng	peace
292	红茶	紅茶	hóng chá	black tea
293	红酒	紅酒	hóng jiǔ	red wine
294	后果	後果	hòuguǒ	Consequence
295	后面	後面	hòumiàn	behind
296	后年	後年	hòu nián	the year after next
297	互联网	互聯網	hùliánwǎng	Internet
298	互相	互相	hùxiāng	each other
299	划船	划船	huá chuán	row; paddle a boat; go boating
300	华人	華人	huá rén	Chinese; ethnic Chinese
301	化（现代化）	化（現代化）	huà （xiàn dài huà）	suffix (modernize; modernization)
302	话剧	話劇	huà jù	drama
303	话题	話題	huàtí	Topic of conversation
304	欢乐	歡樂	huānlè	Happy
305	环	環	huán	ring; loop; link; annulus
306	环保	環保	huán bǎo	environmental protection
307	环境	環境	huánjìng	Environment
308	会议	會議	huìyì	Meeting
309	会员	會員	huì yuán	membership
310	活	活	huó	live; save; work; living; alive
311	火（名）	火（名）	huǒ	fire; anger; temper
312	机器	機器	jīqì	machine
313	积极	積極	jījí	positive
314	基本	基本	jīběn	basic
315	基本上	基本上	jī běn shàng	basically
316	基础	基礎	jīchǔ	Basics
317	及时	及時	jíshí	timely
318	…极了	…極了	… jí le	extremely; exceedingly
319	集体	集體	jítǐ	collective
320	集中	集中	jízhōng	focus
321	计算	計算	jìsuàn	Calculation
322	记录	記錄	jìlù	Record
323	记者	記者	jìzhě	Reporter
324	纪录	紀錄	jìlù	Record
325	纪念	紀念	jìniàn	Anniversary
326	技术	技術	jìshù	technology
327	继续	繼續	jìxù	Continue
328	加工	加工	jiāgōng	machining
329	加快	加快	jiā kuài	speed up; accelerate
330	加强	加強	jiā qiáng	strengthen; reinforce
331	家具	傢俱	jiājù	furniture
332	家属	家屬	jiāshǔ	family members
333	家乡	家鄉	jiāxiāng	Hometown
334	价格	價格	jiàgé	Price
335	价钱	價錢	jià qián	price
336	价值	價值	jiàzhí	value
337	架	架	jià	frame; rack; shelf; stand
338	坚持	堅持	jiānchí	Insist
339	坚决	堅決	jiānjué	firm
340	坚强	堅強	jiānqiáng	Firm
341	简单	簡單	jiǎndān	simple
342	简直	簡直	jiǎnzhí	simply
343	建	建	jiàn	build; construct; erect; establish; set up; found
344	建成	建成	jiàn chéng	built up
345	建立	建立	jiànlì	establish
346	建设	建設	jiànshè	build
347	建议	建議	jiànyì	proposal
348	将近	將近	jiāngjìn	nearly
349	将来	將來	jiānglái	future
350	交费	交費	jiāo fèi	pay
351	交警	交警	jiāo jǐng	traffic police
352	交流	交流	jiāoliú	Communication
353	交往	交往	jiāowǎng	affiliate with
354	交易	交易	jiāoyì	transaction
355	叫（介）	叫（介）	jiào	(preposition)
356	较	較	jiào	compare; comparatively; relatively; fairly; quite; rather
357	教材	教材	jiàocái	teaching material
358	教练	教練	jiàoliàn	coach
359	结实	結實	jiēshi	strong
360	接待	接待	jiēdài	Reception
361	接近	接近	jiējìn	near
362	节约	節約	jiéyuē	save
363	结合	結合	jiéhé	Combination
364	结婚	結婚	jiéhūn	marry
365	结束	結束	jiéshù	End
366	解决	解決	jiějué	Solve
367	解开	解開	jiě kāi	undo; untie; unfasten; unbutton
368	金	金	jīn	gold
369	金牌	金牌	jīn pái	gold medal
370	仅	僅	jǐn	only; merely; barely
371	仅仅	僅僅	jǐn jǐn	only; merely; barely
372	尽量	儘量	jǐnliàng	as far as possible
373	紧	緊	jǐn	tight; close; urgent; strict
374	紧急	緊急	jǐnjí	urgent
375	紧张	緊張	jǐnzhāng	Nervous
376	进步	進步	jìnbù	progress
377	进一步	進一步	jìn yí bù	go a step further; further
378	进展	進展	jìnzhǎn	evolve; get along
379	近期	近期	jìn qī	recent
380	京剧	京劇	jīngjù	Beijing opera
381	经济	經濟	jīngjì	Economics
382	经历	經歷	jīnglì	experience
383	经验	經驗	jīngyàn	experience
384	经营	經營	jīngyíng	Management
385	精彩	精彩	jīngcǎi	Marvellous
386	精神	精神	jīngshén	spirit, mind
387	精神	精神	jīngshen	lively, vigour
388	景色	景色	jǐngsè	scenery
389	警察	警察	jǐngchá	Police
390	静	靜	jìng	silent; quiet; calm
391	久	久	jiǔ	long
392	旧	舊	jiù	used
393	救	救	jiù	save
394	就是	就是	jiù shì	precisely; exactly; just like
395	就业	就業	jiùyè	take up an occupation
396	举办	舉辦	jǔbàn	hold
397	具体	具體	jùtǐ	specific
398	具有	具有	jù yǒu	possess; have; be provided with
399	剧场	劇場	jù chǎng	theater
400	据说	據説	jùshuō	allegedly
401	决定	決定	juédìng	Decision
402	决赛	決賽	juésài	Finals
403	决心	決心	juéxīn	Determination
404	绝对	絕對	juéduì	Absolutely
405	咖啡	咖啡	kāfēi	Coffee
406	开发	開發	kāifā	Development
407	开放	開放	kāifàng	To open up
408	开始	開始	kāishǐ	start
409	开业	開業	kāi yè	start business; open a private practice
410	开展	開展	kāizhǎn	Develop
411	看起来	看起來	kàn qǐ lái	look like
412	看上去	看上去	kàn shàng qù	seem
413	考验	考驗	kǎoyàn	test
414	科技	科技	kē jì	science and technology
415	可靠	可靠	kěkào	reliable
416	可乐	可樂	kě lè	coke; cola
417	克服	克服	kèfú	Overcome
418	客观	客觀	kèguān	objective
419	课程	課程	kèchéng	curriculum
420	空	空	kōng	empty
421	空调	空調	kōngtiáo	Air conditioner
422	恐怕	恐怕	kǒngpà	I’m afraid
423	空儿	空兒	kòngr	free time
424	裤子	褲子	kùzi	trousers
425	快速	快速	kuài sù	fast; high-speed
426	困	困	kùn	sleepy
427	困难	困難	kùnnán	difficulty
428	浪费	浪費	làngfèi	Waste
429	老百姓	老百姓	lǎobǎixìng	Ordinary people
430	老板	老闆	lǎobǎn	Boss
431	老太太	老太太	lǎo tài tai	old lady
432	老头儿	老頭兒	lǎo tóur	old man
433	乐	樂	lè	happy; laugh; cheerful
434	乐观	樂觀	lèguān	optimistic
435	类	類	lèi	class; category; kind; type
436	类似	類似	lèisì	Similar
437	离婚	離婚	líhūn	divorce
438	里面	裏面	lǐ miàn	inside; interior
439	理发	理髮	lǐfà	Haircut
440	理解	理解	lǐjiě	Understand
441	理论	理論	lǐlùn	theory
442	理由	理由	lǐyóu	Reason
443	力	力	lì	power; force
444	力量	力量	lìliàng	Power
445	立刻	立刻	lìkè	immediately
446	利用	利用	lìyòng	utilize
447	连	連	lián	even
448	连忙	連忙	liánmáng	Hurriedly
449	连续	連續	liánxù	serial
450	连续剧	連續劇	lián xù jù	series; soap opera
451	联合	聯合	liánhé	union
452	联合国	聯合國	lián hé guó	United Nations
453	联系	聯繫	liánxì	contact
454	凉水	涼水	liáng shuǐ	cold water; unboiled water
455	了	了	le	past tense marker
456	领	領	lǐng	lead; receive; get; understand
457	领导	領導	lǐngdǎo	Leader
458	领先	領先	lǐngxiān	keep ahead
459	另外	另外	lìngwài	in addition
460	另一方面	另一方面	lìng yì fāng miàn	on the other hand
461	留学	留學	liúxué	Overseas Study
462	龙	龍	lóng	dragon
463	录	錄	lù	record; write down; copy
464	录音	錄音	lùyīn	Sound recording
465	路线	路線	lù xiàn	path; route; way; line
466	旅馆	旅館	lǚ guǎn	hotel
467	旅行社	旅行社	lǚ xíng shè	travel agency
468	绿茶	綠茶	lǜ chá	green tea
469	乱	亂	luàn	chaos
470	落后	落後	luòhòu	backward
471	麻烦	麻煩	máfan	trouble
472	马	馬	mǎ	Horse
473	满足	滿足	mǎnzú	satisfy
474	慢慢	慢慢	màn màn	slowly
475	毛（名）	毛（名）	máo	a fractional unit of money in China; hair; fur
476	毛病	毛病	máobìng	Trouble
477	没用	沒用	méi yòng	useless
478	媒体	媒體	méitǐ	media
479	每	每	měi	each
480	美	美	měi	beautiful; pretty
481	美好	美好	měi hǎo	fine; happy; glorious
482	美丽	美麗	měilì	beautiful
483	美食	美食	měi shí	delicious food ; gourmet
484	美术	美術	měishù	Fine Arts
485	美元	美元	měi yuán	U.S. dollar
486	迷	迷	mí	fan; confused; be crazy about
487	米（名）	米（名）	mǐ	meter; rice
488	面对	面對	miànduì	Face
489	面积	面積	miànjī	The measure of area
490	民间	民間	mínjiān	nongovernmental
491	民族	民族	mínzú	Nation
492	明确	明確	míngquè	To make clear
493	明显	明顯	míngxiǎn	obvious
494	命运	命運	mìngyùn	fate
495	某	某	mǒu	some
496	母亲	母親	mǔqīn	mother
497	木头	木頭	mùtou	wood
498	目标	目標	mùbiāo	target
499	目前	目前	mùqián	at present
500	奶茶	奶茶	nǎi chá	milk tea
501	男子	男子	nán zǐ	man; male
502	南部	南部	nán bù	south
503	难道	難道	nándào	could it be said that …
504	难度	難度	nán dù	difficulty
505	内	內	nèi	within
506	内容	內容	nèiróng	content
507	内心	內心	nèi xīn	heart; inner centre
508	能不能	能不能	néng bù néng	can or not
509	能力	能力	nénglì	ability
510	年初	年初	nián chū	beginning of the year
511	年代	年代	niándài	years
512	年底	年底	nián dǐ	end of the year
513	年纪	年紀	niánjì	Age
514	念	念	niàn	Read
515	牛（名）	牛（名）	niú	cattle; ox; cow
516	农村	農村	nóngcūn	countryside
517	农民	農民	nóngmín	farmer
518	农业	農業	nóngyè	Agriculture
519	女子	女子	nǚ zǐ	woman; female
520	暖和	暖和	nuǎnhuo	warm
521	怕（副）	怕（副）	pà	perhaps; afraid
522	拍	拍	pāi	beat
523	排（动）	排（動）	pái	arrange; put in order; exclude; rehearse
524	排名	排名	pái míng	rank
525	牌子	牌子	pái zi	brand; trademark; plate; sign
526	派	派	pài	send
527	判断	判斷	pànduàn	judge
528	胖	胖	pàng	fat
529	跑步	跑步	pǎobù	Run
530	配	配	pèi	match; mix; join; fit
531	配合	配合	pèihé	Coordination
532	批评	批評	pīpíng	criticism
533	批准	批准	pīzhǔn	Approval
534	皮	皮	pí	skin; leather; fur; cover; sheet
535	皮包	皮包	pí bāo	purse; briefcase; portfolio
536	啤酒	啤酒	píjiǔ	Beer
537	票价	票價	piào jià	ticket price; fare
538	评价	評價	píngjià	evaluation
539	苹果	蘋果	píngguǒ	Apple
540	破	破	pò	broken
541	破坏	破壞	pòhuài	Destruction
542	普遍	普遍	pǔbiàn	universal
543	普及	普及	pǔjí	Universal
544	期	期	qī	period; time; term; expect
545	齐	齊	qí	together; uniform; neat; be level with
546	其次	其次	qícì	Secondly
547	其实	其實	qíshí	actually
548	奇怪	奇怪	qíguài	strange
549	气候	氣候	qìhòu	climate
550	千万	千萬	qiānwàn	Must
551	前后	前後	qián hòu	front and back; from start to finish; around
552	前进	前進	qián jìn	advance; go forward; march
553	前面	前面	qiánmiàn	Front
554	前往	前往	qián wǎng	go to; leave for; proceed
555	强	強	qiáng	strong; powerful; better
556	强大	強大	qiáng dà	powerful; formidable; strong
557	强调	強調	qiángdiào	Emphasize
558	强烈	強烈	qiángliè	strong
559	桥	橋	qiáo	Bridge
560	巧	巧	qiǎo	opportunely; skilful; deceitful
561	亲	親	qīn	dear; close; intimate; relative
562	亲切	親切	qīnqiè	kind
563	亲人	親人	qīn rén	relative
564	亲自	親自	qīnzì	personally
565	情感	情感	qíng gǎn	feeling; emotion
566	情况	情況	qíngkuàng	Situation
567	请教	請教	qǐngjiào	Consult
568	庆祝	慶祝	qìngzhù	Celebrate
569	球迷	球迷	qiúmí	fans (ball game)
570	区	區	qū	area; district; region
571	区别	區別	qūbié	Difference
572	取消	取消	qǔxiāo	cancel
573	去世	去世	qùshì	Death
574	全场	全場	quán chǎng	the whole audience
575	全面	全面	quánmiàn	comprehensive
576	全球	全球	quán qiú	global; the whole world
577	缺	缺	quē	be short of; lack
578	缺点	缺點	quēdiǎn	shortcoming
579	缺少	缺少	quēshǎo	Lack
580	确保	確保	quèbǎo	ensure
581	确定	確定	quèdìng	Determine
582	确实	確實	quèshí	Exactly
583	裙子	裙子	qúnzi	skirt
584	群	羣	qún	group
585	热爱	熱愛	rè’ài	Ardently love
586	热烈	熱烈	rèliè	warm
587	人才	人才	réncái	talented person
588	人工	人工	réngōng	artificial
589	人类	人類	rénlèi	Human beings
590	人民	人民	rén mín	people
591	人民币	人民幣	rénmínbì	RMB
592	人群	人羣	rén qún	crowd; throng
593	人生	人生	rénshēng	Life
594	人员	人員	rényuán	personnel
595	认出	認出	rèn chū	recognize; identify; make out
596	认得	認得	rèn dé	know; recognize
597	认可	認可	rènkě	certificate; ratify
598	任（动）	任（動）	rèn	appoint; assign
599	任（连）	任（連）	rèn	no matter (how, what, etc.)
600	任何	任何	rènhé	whatever, any
601	任务	任務	rènwu	task
602	仍	仍	réng	still; remain; yet
603	仍然	仍然	réngrán	still
604	日常	日常	rìcháng	daily
605	容易	容易	róngyì	easily
606	如何	如何	rúhé	How
607	散步	散步	sànbù	Take a walk
608	沙发	沙發	shāfā	Sofa
609	沙子	沙子	shā zi	sand; grit
610	伤	傷	shāng	hurt; be harmful; be distressed; get sick of
611	伤心	傷心	shāngxīn	Sad
612	商品	商品	shāngpǐn	commodity
613	商业	商業	shāngyè	business
614	上来	上來	shàng lái	come up
615	上面	上面	shàng miàn	above; on top of
616	上去	上去	shàng qù	go up
617	上升	上升	shàng shēng	rise; go up
618	上衣	上衣	shàng yī	upper outer garment; jacket; coat
619	设备	設備	shèbèi	equipment
620	设计	設計	shèjì	Design
621	设立	設立	shèlì	Establish
622	社会	社會	shèhuì	Socioty
623	身份证	身份證	shēn fèn zhèng	ID card
624	深	深	shēn	deep
625	深刻	深刻	shēnkè	profound
626	深入	深入	shēn rù	go deep into; thorough
627	升	升	shēng	rise
628	生（形）	生（形）	shēng	unripe; green; living; raw; unfamiliar
629	生产	生產	shēngchǎn	production
630	生存	生存	shēngcún	Existence
631	生动	生動	shēngdòng	vivid
632	生命	生命	shēngmìng	life
633	生意	生意	shēngyi	business
634	生长	生長	shēngzhǎng	grow
635	声明	聲明	shēngmíng	statement
636	胜	勝	shèng	win; defeat; beat; can bear; be superior
637	胜利	勝利	shènglì	victory
638	失去	失去	shīqù	Lose
639	石头	石頭	shítou	stone
640	石油	石油	shíyóu	petroleum
641	时	時	shí	time; times; hour; season; tense
642	时代	時代	shídài	times
643	时刻	時刻	shíkè	time
644	实际上	實際上	shí jì shàng	actually
645	实力	實力	shílì	Strength
646	实行	實行	shíxíng	Implement
647	实验	實驗	shíyàn	Experiment
648	实验室	實驗室	shí yàn shì	laboratory
649	食品	食品	shí pǐn	food; foodstuff
650	使	使	shǐ	make
651	始终	始終	shǐzhōng	Throughout
652	世纪	世紀	shìjì	century
653	世界	世界	shìjiè	world
654	世界杯	世界盃	shì jiè bēi	World Cup
655	市场	市場	shìchǎng	market
656	事故	事故	shìgù	Accident
657	事件	事件	shìjiàn	Event
658	事实	事實	shìshí	Fact
659	事实上	事實上	shì shí shàng	in fact; actually
660	事业	事業	shìyè	career
661	试题	試題	shì tí	test questions
662	试验	試驗	shìyàn	test
663	适合	適合	shìhé	Fit
664	适应	適應	shìyìng	Adapt
665	适用	適用	shì yòng	be applicable; be suitable
666	室	室	shì	room
667	收费	收費	shōu fèi	collect fees; charge
668	收看	收看	shōu kàn	watch
669	收听	收聽	shōu tīng	listen to; listen in
670	收音机	收音機	shōuyīnjī	radio
671	手续	手續	shǒuxù	procedures
672	手指	手指	shǒuzhǐ	finger
673	首都	首都	shǒudū	capital
674	首先	首先	shǒuxiān	First
675	受	受	shòu	be subjecte; suffer; receive; accept; stand
676	受伤	受傷	shòushāng	Injured
677	书架	書架	shūjià	bookshelf
678	输	輸	shū	lose
679	输入	輸入	shūrù	import; input
680	熟人	熟人	shú rén	acquaintance
681	属	屬	shǔ	be born in the year of (one of the twelve animals); belong
682	属于	屬於	shǔyú	belong to
683	束	束	shù	beam
684	数量	數量	shùliàng	quantity
685	双	雙	shuāng	double
686	双方	雙方	shuāngfāng	both sides
687	思想	思想	sīxiǎng	thought
688	死	死	sǐ	die
689	速度	速度	sùdù	speed
690	随	隨	suí	follow; comply with; adapt
691	所（名、量）	所（名、量）	suǒ	place; office; spot; (measure word)
692	所长	所長	suǒ zhǎng	superintendent
693	台	台	tái	platform
694	谈	談	tán	talk
695	谈话	談話	tán huà	conversation; talk; chat
696	谈判	談判	tánpàn	negotiation
697	汤	湯	tāng	soup
698	糖	糖	táng	sugar
699	特色	特色	tèsè	characteristic
700	提前	提前	tíqián	Advance
701	提问	提問	tíwèn	Put questions to
702	题目	題目	tímù	subject
703	体会	體會	tǐhuì	Experience
704	体现	體現	tǐxiàn	Reflect
705	体验	體驗	tǐyàn	experience; taste
706	天空	天空	tiānkōng	sky
707	甜	甜	tián	sweet
708	调	調	tiáo	suit well; mix; adjust; fit in perfectly
709	调整	調整	tiáozhěng	adjustment
710	跳	跳	tiào	jump; leap; skip; bounce
711	跳高	跳高	tiào gāo	high jump
712	跳舞	跳舞	tiàowǔ	dance
713	跳远	跳遠	tiào yuǎn	long jump; broad jump
714	铁	鐵	tiě	iron
715	铁路	鐵路	tiě lù	railway; railroad
716	听力	聽力	tīng lì	hearing; aural comprehension
717	听众	聽眾	tīng zhòng	audience; listeners
718	停止	停止	tíng zhǐ	stop; cease; suspend; call off; halt
719	通常	通常	tōngcháng	usually
720	通信	通信	tōng xìn	communicate; correspond
721	同意	同意	tóngyì	Agree
722	痛（形）	痛（形）	tòng	sore; painful; sad
723	痛苦	痛苦	tòngkǔ	Pain
724	头（形）	頭（形）	tóu	lead; head
725	头脑	頭腦	tóu nǎo	mind; brain
726	突出	突出	tūchū	prominent
727	突然	突然	tūrán	suddenly
728	图	圖	tú	picture; chart; drawing; scheme; intention
729	图画	圖畫	tú huà	drawing; picture; painting
730	土（名）	土（名）	tǔ	soil; earth; land; ground
731	团	團	tuán	group
732	团结	團結	tuánjié	Unite
733	团体	團體	tuántǐ	group
734	推动	推動	tuī dòng	promote; push forward; give impetus to
735	推广	推廣	tuīguǎng	Extension
736	推进	推進	tuī jìn	advance; carry forward; push on; give impetus to
737	推开	推開	tuī kāi	push away
738	退	退	tuì	retreat
739	退出	退出	tuì chū	drop out; quit; withdraw
740	退休	退休	tuìxiū	retire
741	外交	外交	wàijiāo	diplomacy
742	外面	外面	wài miàn	outside; outdoors; outward appearance
743	外文	外文	wài wén	foreign language
744	完美	完美	wánměi	perfect
745	完善	完善	wánshàn	perfect, consummate
746	完整	完整	wánzhěng	complete
747	玩具	玩具	wánjù	Toys
748	往往	往往	wǎngwǎng	Often
749	危害	危害	wēihài	Harm
750	危险	危險	wēixiǎn	danger
751	为（动）	為（動）	wéi	act as; become; be; mean
752	为（介）	為（介）	wèi	(preposition)
753	围	圍	wéi	enclose; surround; circle
754	伟大	偉大	wěidà	great
755	卫生	衞生	wèi shēng	hygiene; health; sanitation
756	卫生间	衞生間	wèishēngjiān	toilet
757	为了	為了	wèile	in order to
758	温暖	温暖	wēnnuǎn	warm
759	文化	文化	wénhuà	Culture
760	文件	文件	wénjiàn	file
761	文明	文明	wénmíng	civilization
762	文学	文學	wénxué	literature
763	文章	文章	wénzhāng	Article
764	文字	文字	wénzì	writing, character
765	握手	握手	wòshǒu	Handshake
766	屋子	屋子	wūzi	House
767	武器	武器	wǔqì	arms
768	武术	武術	wǔshù	A martial art
769	舞台	舞台	wǔ tái	stage; arena
770	西部	西部	xī bù	west
771	希望	希望	xīwàng	hope
772	系	系	xì	department
773	下来	下來	xià lái	come down; get down
774	下面	下面	xià miàn	below; under; next
775	下去	下去	xià qù	go down; descend; go on; continue
776	先进	先進	xiānjìn	advanced
777	显得	顯得	xiǎnde	Appear
778	显然	顯然	xiǎnrán	Obviously
779	显示	顯示	xiǎnshì	display
780	现场	現場	xiànchǎng	scene
781	现代	現代	xiàndài	modern
782	现金	現金	xiànjīn	cash
783	现实	現實	xiànshí	reality
784	现象	現象	xiànxiàng	phenomenon
785	线	線	xiàn	thread; string; wire; line; route
786	相比	相比	xiāng bǐ	compare; compare to
787	相当	相當	xiāngdāng	Quite
788	相关	相關	xiāngguān	correlate
789	相互	相互	xiāng hù	mutual; reciprocal; each other
790	相似	相似	xiāngsì	Be similar
791	香	香	xiāng	fragrant
792	香蕉	香蕉	xiāngjiāo	Banana
793	消费	消費	xiāofèi	consumption
794	消失	消失	xiāoshī	disappear
795	消息	消息	xiāoxi	message
796	效果	效果	xiàoguǒ	Effect
797	写作	寫作	xiězuò	writing
798	血	血	xuè	blood
799	心	心	xīn	heart; feeling; centre; core
800	信（动）	信（動）	xìn	believe; trust
801	信封	信封	xìnfēng	envelope
802	信任	信任	xìnrèn	trust
803	行李	行李	xíng lǐ	luggage; baggage
804	形成	形成	xíngchéng	formation
805	形式	形式	xíngshì	form
806	形象	形象	xíngxiàng	image
807	形状	形狀	xíngzhuàng	shape
808	幸福	幸福	xìngfú	happiness
809	幸运	幸運	xìngyùn	Lucky
810	性（积极性）	性（積極性）	xìng （jī jí xìng）	as a suffix (positivity)
811	性别	性別	xìngbié	Gender
812	性格	性格	xìnggé	character
813	修	修	xiū	repair; build; embellish; study
814	修改	修改	xiūgǎi	modify
815	需求	需求	xūqiú	demand
816	需要	需要	xūyào	Need
817	宣布	宣佈	xuānbù	Announce
818	宣传	宣傳	xuānchuán	Propaganda
819	选手	選手	xuǎnshǒu	Player
820	学费	學費	xué fèi	tuition fee; tuition; school fee
821	训练	訓練	xùnliàn	train
822	压	壓	yā	press; push; keep under control; bear down
823	压力	壓力	yālì	pressure
824	烟	煙	yān	smoke; tobacco; be irritated by smoke
825	眼前	眼前	yǎn qián	now; at the moment; before one’s eyes
826	演	演	yǎn	play; act; perform
827	演唱	演唱	yǎn chàng	sing
828	演唱会	演唱會	yǎn chàng huì	concert
829	演出	演出	yǎnchū	show
830	演员	演員	yǎnyuán	performer, actor
831	羊	羊	yáng	sheep
832	阳光	陽光	yángguāng	Sunshine
833	要是	要是	yàoshi	If
834	衣架	衣架	yī jià	hanger; clothes stand; clothes tree
835	一切	一切	yíqiè	everything
836	已	已	yǐ	already; afterwards
837	以来	以來	yǐlái	Since
838	一方面	一方面	yì fāng miàn	on the one hand
839	艺术	藝術	yìshù	Art
840	意外	意外	yìwài	Accident
841	意义	意義	yìyì	Significance
842	因此	因此	yīncǐ	therefore
843	银	銀	yín	silver
844	银牌	銀牌	yín pái	silver medal
845	印象	印象	yìnxiàng	impression
846	应当	應當	yīng dāng	should; ought to
847	迎接	迎接	yíngjiē	meet, pick, welcome
848	营养	營養	yíngyǎng	Nutrition
849	赢	贏	yíng	win
850	影视	影視	yǐng shì	film and television
851	应用	應用	yìngyòng	application
852	优点	優點	yōudiǎn	Advantage
853	优势	優勢	yōushì	advantage
854	由	由	yóu	from
855	由于	由於	yóuyú	Because
856	邮件	郵件	yóu jiàn	mail; post; postal matter
857	邮票	郵票	yóu piào	postage stamp; stamp
858	邮箱	郵箱	yóu xiāng	postbox; mailbox
859	游	遊	yóu	swim; wander; travel; tour
860	游戏	遊戲	yóuxì	Game
861	游泳	游泳	yóuyǒng	Swimming
862	有的是	有的是	yǒu de shì	have plenty of; there’s no lack of
863	有利	有利	yǒulì	favourable; beneficial
864	有效	有效	yǒu xiào	effective; valid
865	预报	預報	yùbào	prediction
866	预防	預防	yùfáng	Prevention
867	预计	預計	yù jì	expected; estimate
868	预习	預習	yùxí	Preview
869	员（服务员）	員（服務員）	yuán （fú wù yuán）	a person engaged in some field of activity (waiter; waitress; server)
870	员工	員工	yuángōng	employee
871	愿望	願望	yuànwàng	desire
872	约	約	yuē	appointment; agreement; arrange; restrict
873	乐队	樂隊	yuè duì	orchestra; band
874	运输	運輸	yùnshū	transport
875	杂志	雜誌	zázhì	Magazine
876	早已	早已	zǎo yǐ	long ago; for a long time
877	造	造	zào	make; build; create; produce
878	造成	造成	zàochéng	cause
879	责任	責任	zérèn	responsibility
880	增加	增加	zēngjiā	increase
881	增长	增長	zēng zhǎng	increase; grow
882	展开	展開	zhǎnkāi	Open
883	张	張	zhāng	Zhang
884	照	照	zhào	reflect
885	者（志愿者）	者（志願者）	zhě （zhì yuàn zhě）	suffix (volunteer)
886	真实	真實	zhēnshí	real
887	争	爭	zhēng	contend; dispute; fight; strive; vie
888	争取	爭取	zhēngqǔ	strive for
889	整	整	zhěng	whole; all; entire; complete
890	整个	整個	zhěnggè	Whole
891	整理	整理	zhěnglǐ	Arrangement
892	整齐	整齊	zhěngqí	neat
893	整体	整體	zhěngtǐ	Whole
894	整天	整天	zhěng tiān	all day long
895	整整	整整	zhěng zhěng	whole; full
896	正（形）	正（形）	zhèng	straight; upright; positive; correct; main
897	正式	正式	zhèngshì	formal
898	证	證	zhèng	certificate; proof
899	证件	證件	zhèngjiàn	Certificates
900	证据	證據	zhèngjù	evidence
901	证明	證明	zhèngmíng	Prove
902	支（量）	支（量）	zhī	(measure word)
903	支持	支持	zhīchí	Support
904	支付	支付	zhī fù	pay money; defray
905	只	只	zhī	single; lonely
906	直	直	zhí	straight
907	直播	直播	zhíbō	on live
908	直到	直到	zhí dào	until
909	值	值	zhí	value; be worth
910	值得	值得	zhíde	Worth
911	职工	職工	zhí gōng	staff; worker
912	职业	職業	zhíyè	Occupation
913	只好	只好	zhǐhǎo	have to
914	只是	只是	zhǐ shì	merely; only; just
915	只有	只有	zhǐ yǒu	only
916	指	指	zhǐ	finger
917	指出	指出	zhǐ chū	point out; indicate
918	指导	指導	zhǐdǎo	guidance
919	至今	至今	zhìjīn	so far
920	至少	至少	zhìshǎo	at least
921	志愿	志願	zhì yuàn	volunteer; aspiration; wish
922	志愿者	志願者	zhìyuànzhě	Volunteer
923	制定	制定	zhìdìng	Formulate
924	制度	制度	zhìdù	system
925	制造	製造	zhìzào	Manufacture
926	制作	製作	zhìzuò	Make
927	中部	中部	zhōng bù	central section; middle part
928	中华民族	中華民族	zhōng huá mín zú	Chinese nation
929	终于	終於	zhōngyú	finally
930	钟	鍾	zhōng	bell; clock; call bell; time
931	种	種	zhǒng	species
932	种子	種子	zhǒngzi	seed
933	重大	重大	zhòngdà	significant
934	周围	周圍	zhōuwéi	around
935	猪	豬	zhū	pig
936	主持	主持	zhǔchí	Host
937	主动	主動	zhǔdòng	active
938	主任	主任	zhǔrèn	Headmaster
939	主意	主意	zhǔyi	idea
940	主张	主張	zhǔzhāng	opinion
941	注意	注意	zhùyì	Be careful
942	祝	祝	zhù	express good wishes; wish
943	抓	抓	zhuā	grab
944	抓住	抓住	zhuā zhù	catch; catch hold of; grip; capture
945	专家	專家	zhuānjiā	expert
946	专门	專門	zhuānmén	specialized
947	专题	專題	zhuāntí	special collection
948	专业	專業	zhuānyè	major
949	转	轉	zhuàn	turn
950	转变	轉變	zhuǎnbiàn	change
951	状况	狀況	zhuàngkuàng	status
952	状态	狀態	zhuàngtài	state
953	追	追	zhuī	run after
954	准	準	zhǔn	follow; permit; allow; standard
955	资格	資格	zīgé	Qualifications
956	资金	資金	zījīn	capital
957	子女	子女	zǐ nǚ	child; sons and daughters
958	自从	自從	zìcóng	Since
959	自动	自動	zìdòng	automatic
960	自觉	自覺	zìjué	Conscious
961	自然	自然	zìrán	natural
962	自身	自身	zì shēn	oneself; self
963	自主	自主	zìzhǔ	Autonomy
964	总	總	zǒng	always; consistently
965	总结	總結	zǒngjié	summary
966	总是	總是	zǒngshì	always
967	足够	足夠	zú gòu	enough; ample; sufficient
968	足球	足球	zú qiú	soccer; football
969	组合	組合	zǔhé	combination
970	左右	左右	zuǒyòu	About
971	作品	作品	zuòpǐn	works
972	作者	作者	zuòzhě	author
973	做客	做客	zuò kè	be a guest
